name,url,score,description,City,latitude,longitude
Hôtel Princes de Catalogne,https://www.booking.com/hotel/fr/princes-de-catalogne.fr.html?sid=8989e4ecc2735b74c25a8704bd49cbf0,8.1," Situé sur une place tranquille dans la ville pittoresque de Collioure, l'Hôtel Princes de Catalogne se trouve à 400 mètres de la plage. Il a été rénové début 2009 et affiche un style contemporain. Toutes les chambres de l'Hôtel Princes de Catalogne sont climatisées. Elles offrent une vue sur la montagne, le fort Miradou ou une rue calme. Elles sont équipées d'une télévision et d'une connexion Wi-Fi gratuite. Le personnel de l'Hôtel Princes se fera un plaisir de vous aider à organiser des excursions, des visites guidées ou d'autres activités telles qu'une thérapie à base d'eau de mer et de l'escalade. L'Hôtel Princes de Catalogne propose un parking gratuit avec un nombre de places limité, accessible sous réserve de disponibilité. Un parking public payant est également accessible en face de l'établissement.  ",Collioure,42.52591431,3.0826816
Hôtel la Bona Casa,https://www.booking.com/hotel/fr/la-bona-casa.fr.html?sid=8989e4ecc2735b74c25a8704bd49cbf0,8.4," L'Hôtel la Bona Casa est situé dans le centre historique de Collioure, à seulement 300 mètres du château royal et de la plage. Il propose une connexion Wi-Fi gratuite et une terrasse ombragée. Les chambres offrent une vue sur la rue ou la terrasse. Certains logements sont dotés d'une terrasse privée. Les hébergements comportent une télévision à écran plat et une salle de bains privative pourvue d'articles de toilette gratuits. L'établissement est entièrement non-fumeurs. Un petit-déjeuner continental est préparé chaque matin. Vous trouverez des boutiques et des restaurants à moins de 200 mètres. Sur place, vous pourrez vous détendre dans le salon de thé de mars à octobre, ou faire du shopping au magasin de vêtements. Vous séjournerez à 3 km de Port-Vendres et à 6 km d'Argelès-sur-Mer. L'établissement est à 30 minutes de route du centre de Perpignan et de la frontière espagnole, également accessible en train.  ",Collioure,42.52547153,3.0826987
La Frégate,https://www.booking.com/hotel/fr/la-fra-c-gate-collioure.fr.html?sid=8989e4ecc2735b74c25a8704bd49cbf0,8.1," La Frégate est située au cœur du village de Collioure. L’établissement se trouve à moins de 200 mètres du château royal de Collioure. Desservies chacune par un ascenseur, toutes les chambres disposent d'une machine à café, d'une télévision à écran plat et de la climatisation réversible. Leur salle de bains privative est pourvue d'une baignoire ou d'une douche, d'un sèche-cheveux ainsi que d'articles de toilette offerts, dont un peigne, une lime à ongles et des cotons-tiges. Le matin, vous pourrez déguster un petit-déjeuner buffet composé de produits locaux. Le restaurant de l'hôtel sert une cuisine méditerranéenne dans la salle à manger Azulejos ou, en été, sur la terrasse ombragée. La frontière espagnole est accessible à 60 km.. Enfin, l'aéroport de Perpignan-Rivesaltes est implanté à 40 minutes de route.  ",Collioure,42.52638625,3.08325659
Hôtel Triton,https://www.booking.com/hotel/fr/triton.fr.html?sid=8989e4ecc2735b74c25a8704bd49cbf0,7.5," Situé sur la plage du Boutiquet, l’Hôtel Triton propose des chambres climatisées donnant sur la baie de Collioure ou sur les Pyrénées. Une connexion Wi-Fi gratuite est disponible dans le bâtiment d’origine. Les chambres de l’Hôtel Triton sont équipées d’une télévision et d’un téléphone. Certains hébergements comprennent un balcon. La salle de bains privative est pourvue d’une douche ou d’une baignoire. Les chambres sont aménagées dans le bâtiment d’origine de l’établissement ou dans son annexe plus récente. Chaque matin, vous pourrez savourer un petit-déjeuner buffet incluant des croissants et du pain frais sur la terrasse, qui offre une vue sur la mer. L’Hôtel Triton bénéficie d’une vue magnifique sur la ville fortifiée de Collioure, le château et le clocher. Vous séjournerez à 7 km d’Argelès-sur-Mer, à 25 km de la frontière espagnole et à 30 km de Perpignan. Un parking public est à votre disposition en face de l’établissement, moyennant des frais supplémentaires.  ",Collioure,42.52371617,3.08713473
Le Mas des Citronniers,https://www.booking.com/hotel/fr/lesmasdescitronniers.fr.html?sid=8989e4ecc2735b74c25a8704bd49cbf0,8.0," Vous pouvez bénéficier d'une réduction Genius dans l'établissement Le Mas des Citronniers ! Connectez-vous pour économiser. Situé dans le centre de Collioure, à seulement 250 mètres de la plage, le Mas des Citronniers propose des chambres climatisées dans un bâtiment traditionnel catalan. Une connexion Wi-Fi est fournie gratuitement dans tout l'établissement. Les chambres de l'hôtel Le Mas des Citronniers sont décorées dans des tons vifs. Chacune est pourvue d'une télévision à écran plat, d'un bureau, d'un petit réfrigérateur et d'une salle de bains privative. Certaines comprennent une terrasse avec vue sur le jardin. Un petit-déjeuner buffet est servi chaque matin dans la salle de l'hôtel prévue à cet effet. Vous aurez également la possibilité d'apprécier un petit-déjeuner complet servi en chambre sur demande. Veuillez noter que le petit-déjeuner est en supplément. La réception de l'hôtel Le Mas des Citronniers est ouverte 24h/24. Vous disposerez de journaux gratuits. La gare de Collioure est implantée à 550 mètres de l'établissement, tandis que le château royal est à 300 mètres.  ",Collioure,42.52538159,3.08256391
Le Madeloc Hôtel & Spa,https://www.booking.com/hotel/fr/madeloc.fr.html?sid=8989e4ecc2735b74c25a8704bd49cbf0,8.8," Vous pouvez bénéficier d'une réduction Genius dans l'établissement Le Madeloc Hôtel & Spa ! Connectez-vous pour économiser. Situé à 500 mètres du centre-ville de Collioure et à 10 minutes à pied de la plage, l'hôtel Madeloc propose une piscine extérieure chauffée ouverte toute l'année, un solarium sur le toit, un jacuzzi et un hammam. Des soins de beauté et des massages sont dispensés sur demande. Présentant des tons neutres rehaussés d'une couleur vive, les chambres climatisées de l'établissement comprennent une télévision à écran LCD et un minibar. Certaines sont dotées d'une terrasse ou d'un balcon. Les chambres sont aménagées à l'un des trois étages de l'hôtel et sont uniquement accessibles par des escaliers. L'une d’elles est adaptée aux personnes à mobilité réduite. Chaque matin, l’établissement sert un petit-déjeuner buffet. Vous pourrez déguster ce repas dans le confort de votre chambre. Par ailleurs, le Madeloc est équipé d'une connexion Wi-Fi gratuite dans l'ensemble de son enceinte. Cet hôtel possède en outre une boutique de souvenirs vendant des produits locaux, des produits de spa et des bijoux. L'établissement est implanté à seulement 200 mètres de la gare de Collioure et à 5 minutes de la D914. Il se trouve également à 6,5 km d'Argelès-sur-Mer et à 25,5 km de la frontière espagnole. Sur demande et moyennant des frais supplémentaires, un parking privé est disponible sur place.  ",Collioure,42.52876467,3.07865426
Hôtel des Templiers,https://www.booking.com/hotel/fr/ha-tel-des-templiers.fr.html?sid=8989e4ecc2735b74c25a8704bd49cbf0,8.1," Comportant 2 000 œuvres d'art originales de peintres du XXe siècle y ayant séjourné, l'Hôtel des Templiers est situé à 200 mètres du château royal de Collioure. Vous pourrez déguster une cuisine catalane dans son restaurant. Les chambres offrent une vue sur le château et le port. Elles comprennent une télévision à écran LCD et certaines disposent d'une décoration catalane avec des meubles anciens. Une connexion Wi-Fi est disponible dans chacune d'entre elles. Vous pourrez prendre un verre au bar ou sur la terrasse ombragée. Le petit-déjeuner est servi tous les matins. La gare de Collioure est située à seulement 550 mètres et la réserve naturelle du Mas Larrieu est accessible en 20 minutes en voiture. L'hôtel se trouve dans une rue piétonne et un parking public est disponible à 400 mètres.  ",Collioure,42.52666546,3.08394089
Hotel Méditerranée,https://www.booking.com/hotel/fr/mediterranee-collioure.fr.html?sid=8989e4ecc2735b74c25a8704bd49cbf0,7.9," Doté d'un jardin de style méditerranéen et d'une terrasse, l'Hotel Méditerranée se trouve à Collioure, à 5 minutes de marche de la plage la plus proche. Une connexion Wi-Fi gratuite et un parking privé sont mis à votre disposition sur place. Toutes les chambres sont climatisées et pourvues d'un balcon et d'une télévision par satellite à écran plat. Elles possèdent également un réfrigérateur, un téléphone et un coffre-fort. Chaque chambre dispose d'une salle de bains avec une baignoire ou une douche. Un petit-déjeuner buffet est servi tous les matins, et vous pourrez le déguster sur la terrasse par beau temps. L'établissement propose une bagagerie. Argèles-sur-Mer se situe à 7,3 km et la frontière espagnole est à 26 km. L'aéroport de Perpignan-Rivesaltes est le plus proche, à 38 km.  ",Collioure,42.52708254,3.08026291
Le Relais Des Trois Mas,https://www.booking.com/hotel/fr/le-relais-des-trois-mas.fr.html?sid=8989e4ecc2735b74c25a8704bd49cbf0,9.0," Doté d'une terrasse avec piscine donnant sur la mer Méditerranée, l'établissement Le Relais Des Trois Mas propose un hébergement confortable dans un cadre provençal. Toutes les chambres ne sont accessibles que par des escaliers. À l'ombre d'une pinède centenaire, les chambres personnalisées offrent une superbe vue sur la baie de Collioure et l'église Notre-Dame-des-Anges. Elles sont toutes équipées d'un minibar, de la climatisation et d'un plateau/bouilloire. Le restaurant La Balette est l'un des plus appréciés de la région. Il bénéficie d'une vue dégagée sur la baie et sert une délicieuse cuisine gastronomique, accompagnée d'excellents vins de Collioure.  ",Collioure,42.52417281,3.08931068
Hôtel La Casa Pairal,https://www.booking.com/hotel/fr/hotelcasapairal.fr.html?sid=8989e4ecc2735b74c25a8704bd49cbf0,8.7," Situé à 250 mètres de la plage et du port de Collioure, l’Hôtel La Casa Pairal propose un jardin fleuri exotique et une piscine extérieure chauffée. Il occupe un bâtiment catalan du XIXe siècle au cœur du vieux quartier de Collioure. Les chambres à la décoration traditionnelle de l’Hôtel La Casa Pairal sont climatisées. Elles possèdent toutes une télévision par satellite à écran plat, un minibar et une connexion Wi-Fi gratuite. Certaines offrent une vue sur la ville, la cour de l’hôtel et sa fontaine, ou la place du village. A l’Hôtel La Casa Pairal, un petit-déjeuner buffet pourra vous être servi tous les jours dans la salle prévue à cet effet ou dans votre chambre sur demande. Vous pourrez également prendre un verre dans le jardin de l’hôtel. La réception est ouverte 24h/24. Des journaux gratuits et un coffre-fort sont également disponibles. La gare de Collioure se trouve à 500 mètres. Vous séjournerez à 23 km de la frontière espagnole.  ",Collioure,42.52616733,3.08235571
ibis budget Bayonne,https://www.booking.com/hotel/fr/ibis-budget-bayonne.fr.html?sid=7d110394e66663efdb0375d734271b30,7.7," Situé à 2 km du centre historique et de la gare de Bayonne, ainsi qu'à 8 km des plages, l'ibis budget Bayonne dispose d'une réception ouverte 24h/24, ainsi que d'une connexion Wi-Fi et d'un parking gratuits. Les chambres climatisées sont toutes dotées d'une salle d'eau privative. L’établissement accepte les animaux domestiques moyennant des frais supplémentaires de 10 EUR par animal et par nuit. Le restaurant Courtepaille sert une cuisine traditionnelle et comporte un grill sur la terrasse. Un petit-déjeuner continental, composé de viennoiseries, de jus de fruits, de brioche, de gâteau, de yaourts, de compote, de fromage et de boissons chaudes, peut être servi dans la salle prévue à cet effet ou sur la terrasse. L'ibis budget Bayonne se trouve à 500 mètres de l'autoroute A63 et à 7 km de l'aéroport de Biarritz-Anglet-Bayonne. Le musée basque est accessible à 2 km.  ",Bayonne,43.48908262,-1.45717809
Hotel Cote Basque,https://www.booking.com/hotel/fr/cote-basque.fr.html?sid=7d110394e66663efdb0375d734271b30,8.0," Vous pouvez bénéficier d'une réduction Genius dans l'établissement Hotel Cote Basque ! Connectez-vous pour économiser. L'Hotel Cote Basque est situé au cœur de la ville historique de Bayonne, en face du pont Saint-Esprit. Il propose une connexion Wi-Fi gratuite et des chambres avec salle de bains privative. Les chambres de l'Hotel Cote Basque sont dotées de la télévision par satellite et de la climatisation. Elles sont accessibles par ascenseur. Un sèche-cheveux peut être fourni sur demande. Chaque matin, l’hôtel sert un petit-déjeuner buffet complet. L'Hotel Cote Basque se trouve à 100 mètres de la gare de Bayonne, à 5 km de Biarritz et à 30 km de Saint-Sébastien. Un parking public est disponible à proximité moyennant des frais supplémentaires.  ",Bayonne,43.49618306,-1.46960109
Hôtel Le Bayonne,https://www.booking.com/hotel/fr/le-bayonne-ha-tel.fr.html?sid=7d110394e66663efdb0375d734271b30,7.9," Vous pouvez bénéficier d'une réduction Genius dans l'établissement Hôtel Le Bayonne ! Connectez-vous pour économiser. Installé dans le centre-ville de Bayonne, en Aquitaine, l'Hôtel Le Bayonne vous propose une piscine extérieure chauffée ouverte en saison ainsi qu'un hammam. Ses chambres disposent d'une connexion gratuite à Internet par fibre optique et d'une télévision par satellite à écran plat. Elles comprennent également la climatisation, un bureau et un téléphone. Le restaurant de l'hôtel vous fera déguster une cuisine traditionnelle, et vous pourrez savourer des boissons au bar. Tous les matins, vous pourrez démarrer votre journée avec un petit-déjeuner dans la salle à manger ou le confort de votre chambre. La gare de Bayonne se trouve à 3 km, et un parking privé est disponible sur place moyennant des frais supplémentaires. L'Hôtel Le Bayonne est situé à 7,6 km de Biarritz et à 5,5 km de l'aéroport de Biarritz Pays Basque  ",Bayonne,43.4850262,-1.47537053
Premiere Classe Bayonne,https://www.booking.com/hotel/fr/premiere-classe-bayonne.fr.html?sid=7d110394e66663efdb0375d734271b30,6.0," Situé à 5 minutes du centre-ville ainsi qu'à seulement 10 minutes de la plage, le Premiere Classe Bayonne est facilement accessible depuis les autoroutes A63 et A64 (sortie 6). Conçues dans un style moderne, les chambres confortables comprennent toutes la climatisation, une pièce à vivre fonctionnelle, une connexion Wi-Fi gratuite ainsi qu'une salle de bains privative avec une douche. L'Hotel Premiere Classe Bayonne possède un parking privé gratuit. À proximité, vous pourrez découvrir Biarritz, Bayonne et Anglet, ou profiter des côtes basque et landaise. Par ailleurs, le magasin Ikea de Bayonne est accessible à 2 km.  ",Bayonne,43.49048959,-1.45203531
B&B Hôtel Bayonne,https://www.booking.com/hotel/fr/b-amp-b-bayonne.fr.html?sid=7d110394e66663efdb0375d734271b30,7.3," Situé à Bayonne, à seulement 3 km de l'aéroport de Biarritz, le B&B Hôtel Bayonne propose des hébergements insonorisés, une connexion Wi-Fi gratuite et un parking privé sur place disponible à titre gracieux. Chaque chambre comprend une télévision par câble à écran plat, la climatisation, un bureau et une salle de bains privative. Dans la matinée, un petit-déjeuner buffet est à votre disposition. Il est composé de pain, de confiture, de compote, d'oeufs, de bacon et de boissons chaudes. La cathédrale Sainte Marie vous attend 3,5 km, tandis que le centre hospitalier de la Côte Basque est à 2,5 km.  ",Bayonne,43.4645147,-1.4959653
Campanile Bayonne,https://www.booking.com/hotel/fr/campanile-bayonne.fr.html?sid=7d110394e66663efdb0375d734271b30,6.7," Situé à 5 minutes en voiture du centre de Bayonne, au pied des Pyrénées et au cœur du Pays basque, le Campanile Bayonne propose des chambres avec télévision à écran plat et connexion Wi-Fi gratuite. Chaque chambre climatisée est décorée dans des tons vert et chocolat. Elles comportent un plateau/bouilloire et une salle de bains privative. Un petit-déjeuner buffet et un menu de saison sont servis dans le restaurant moderne ou sur la terrasse. Le restaurant propose un buffet à volonté composé de plats régionaux. Vous pourrez également prendre un verre au bar-salon ou sur la terrasse de l'hôtel. Le salon commun de l'hôtel est doté d'une grande télévision à écran plat avec chaînes du bouquet Canal Satellite. Le parking privé sur place est gratuit. Vous pourrez visiter les monuments à proximité, comme la ville souterraine d'origine médiévale et plus de 130 grottes différentes.  ",Bayonne,43.49112493,-1.4548409
Okko Hotels Bayonne Centre,https://www.booking.com/hotel/fr/okko-hotels-bayonne-centre.fr.html?sid=7d110394e66663efdb0375d734271b30,8.6," Situé à Bayonne, à seulement 700 mètres du centre-ville et de la cathédrale Sainte-Marie de Bayonne, l’Okko Hotels Bayonne Centre vous propose des chambres climatisées avec une connexion Wi-Fi gratuite dans l’ensemble de ses locaux. Un parking privé est accessible sur place sous réserve de disponibilité et moyennant des frais supplémentaires. Toutes les chambres sont équipées d’une télévision à écran plat et d’une machine à café. Leur salle de bains privative est pourvue d’un sèche-cheveux et d’articles de toilette gratuits. L’Okko Hotels Bayonne Centre sert un petit-déjeuner buffet chaque matin. Des boissons sans alcool sont également proposées gratuitement toute la journée dans le salon. Le soir, vous pourrez profiter d'un buffet d'entrées avec des antipasti, des légumes frais, des dips et des produits de saison. La réception de l’établissement est ouverte 24h/24. Situé au dernier étage, l’espace club de l’Okko Hotels Bayonne Centre offre une vue panoramique sur la ville, le fleuve Adour et le sommet de la Rhune. L’Okko Hotels Bayonne Centre se trouve à 600 mètres des arènes de Bayonne, à 1,6 km du parc Ansot et à 5 km des plages de l’océan. Enfin, l’aéroport de Biarritz-Pays-Basque, le plus proche, est accessible à 4 km de l’établissement.  ",Bayonne,43.4953443,-1.4825118
Hotel Restaurant Les Genets,https://www.booking.com/hotel/fr/restaurant-les-genets.fr.html?sid=7d110394e66663efdb0375d734271b30,6.9," Situé à 1,5 km de l'autoroute A63, en dehors de Bayonne, l'Hotel Restaurant Les Genets dispose de chambres insonorisées et d'un restaurant servant des spécialités locales. Les chambres de l'Hotel Restaurant Les Genets sont équipées de la climatisation, d'une télévision à écran LCD et d'une connexion Wi-Fi gratuite. Elles sont décorées dans des tons neutres et avec du mobilier en bois élégant. Un petit-déjeuner buffet est servi chaque matin dans la salle à manger de l'établissement. Un parking gratuit est à votre disposition sur place. Le centre d'Anglet se trouve à 3 km. Les plages de Biarritz sont accessibles en seulement 15 minutes en voiture.  ",Bayonne,43.46494896,-1.49584383
ibis Bayonne Centre,https://www.booking.com/hotel/fr/ibis-bayonne.fr.html?sid=7d110394e66663efdb0375d734271b30,7.9," Situé à 5 minutes à pied du centre de Bayonne, l'ibis Bayonne Centre se trouve sur les rives de l'Adour, à seulement 600 mètres de la gare ferroviaire, et propose une terrasse meublée. Vous bénéficierez gratuitement d'une connexion Wi-Fi disponible dans l'ensemble de l'établissement. Les chambres climatisées possèdent un bureau, une télévision à écran plat et un téléphone. Les salles de bains privatives sont pourvues d'une douche. Un petit-déjeuner buffet, composé d'aliments sucrés et salés, parmi lesquels des œufs, de la salade de fruits, des yaourts et des jus de fruits, est servi chaque matin. Des viennoiseries préparées sur place et des madeleines fraîches sont proposées, ainsi qu'une boisson chaude et un fruit à emporter. Un petit-déjeuner plus léger est disponible à partir de 4h00. L'établissement comporte un bar, une réception ouverte 24h/24, 2 salles de réunion, un ascenseur et un restaurant. Un parking privé est disponible sur place moyennant des frais supplémentaires. L'aéroport de Biarritz-Pays basque est à 8 km.  ",Bayonne,43.492713,-1.465659
ibis Styles Bayonne,https://www.booking.com/hotel/fr/loustau.fr.html?sid=7d110394e66663efdb0375d734271b30,8.2," Situé sur les rives de l'Adour et offrant une vue exceptionnelle sur la ville médiévale de Bayonne, l'ibis Styles Bayonne se trouve à quelques pas de la cathédrale du XIIe siècle. Insonorisées et climatisées, les 45 chambres comprennent une salle de bains privative, le chauffage central et une télévision à écran plat. Gratuit La connexion Wi-Fi et le petit-déjeuner sont inclus. Les 5 étages de l'hôtel sont desservis par un ascenseur. Au rez-de-chaussée, vous pourrez déguster des repas légers 24h/24. L'ibis Styles Bayonne est facilement accessible depuis l'autoroute A63. Il est situé à seulement 50 mètres de la gare de Bayonne et à seulement 200 mètres du centre-ville historique. Il se trouve à 8 km de l'aéroport et à 35 km de la frontière espagnole. Vous trouverez un parking public payant à la gare. Vous trouverez des places de stationnement extérieures gratuites de 18h00 à 9h00 à proximité de l'établissement, au bord de la rivière. Vous pourrez accéder directement en face de l'hôtel par la rue Neuve.  ",Bayonne,43.49540574,-1.47082418
Campanile Biarritz,https://www.booking.com/hotel/fr/campanile-biarritz.fr.html?sid=69d24b207b8c51f2e9c03856508f37ff,6.6," Le Campanile Biarritz est situé à 2 km du centre-ville ainsi qu'à 800 mètres de la Halle d'Iraty et de l'aéroport de Biarritz-Anglet-Bayonne. Il propose une réception ouverte 24h/24. Toutes les chambres climatisées du Campanile sont équipées d'une télévision par câble à écran plat et d'une connexion Wi-Fi gratuite. Leur décoration allie des tons neutres à un mobilier vert et marron-chocolat. Un petit-déjeuner buffet et un menu de saison sont proposés dans le restaurant moderne ou sur la terrasse. Vous pourrez également profiter du buffet, qui se compose d'un grand choix d'entrées et de desserts. Le marché d'Iraty est accessible en 3 minutes à pied. Par ailleurs, un parking privé est disponible sur place.  ",Biarritz,43.46638758,-1.54004395
Premiere Classe Biarritz,https://www.booking.com/hotel/fr/premiere-classe-biarritz.fr.html?sid=69d24b207b8c51f2e9c03856508f37ff,5.1," Le Première Classe Biarritz est situé à 800 mètres de l'aéroport de Biarritz - Anglet - Bayonne. Il est accessible par la sortie 4 de l'autoroute A63 et propose un hébergement avec salle de bains privative. Une connexion Wi-Fi y est disponible gratuitement. Les chambres du Première Classe Biarritz sont climatisées et équipées de la télévision par câble ainsi que d'une salle de bains privative avec douche. Vous aurez également accès à un parking gratuit et pourrez dîner dans le restaurant Campanile, situé sur place.  ",Biarritz,43.46632918,-1.54057503
Hôtel Le Windsor Biarritz,https://www.booking.com/hotel/fr/inter-windsor.fr.html?sid=69d24b207b8c51f2e9c03856508f37ff,8.5," Vous pouvez bénéficier d'une réduction Genius dans l'établissement Hôtel Le Windsor Biarritz ! Connectez-vous pour économiser. Entièrement rénové en 2021 et respectueux de l’environnement, l'Hôtel Le Windsor Biarritz est installé côté plage, au cœur de Biarritz. L’établissement dispose d’hébergements modernes offrant une vue sur la mer et pourvus d’une connexion Wi-Fi gratuite. Sur place, vous bénéficierez de services d’étage et de concierge. Les hébergements sont insonorisés et climatisés. Donnant sur la mer, sur la ville ou sur la cour, tous les logements affichent une décoration élégante et possèdent une salle de bains privative ainsi qu’une télévision par satellite à écran plat. L'Hôtel Le Windsor Biarritz sert 2 types de petits-déjeuners. Vous aurez le choix entre un petit-déjeuner continental en chambre ou un petit-déjeuner buffet. Le restaurant bistronomique Chez Eugénie Biarritz prépare des plats de fruits de mer et des repas cuits sur place, à base de produits frais et de saison. Moyennant des frais supplémentaires, vous pourrez profiter d’un parking public, situé à 50 mètres. L'Hôtel Le Windsor Biarritz se trouve à proximité des nombreux magasins de la ville, du marché couvert, de l'aquarium, du rocher de la Vierge et du centre des congrès Casino Bellevue.  ",Biarritz,43.48437426,-1.55863568
Radisson Blu Hotel Biarritz,https://www.booking.com/hotel/fr/radisson-blu-hotel-biarritz.fr.html?sid=69d24b207b8c51f2e9c03856508f37ff,7.5," Situé dans le centre de Biarritz, le Radisson Blu Hotel Biarritz surplombe la plage de surf Côte des Basques. Dans les environs, vous trouverez des lieux de vie nocturne, des bars à tapas, un casino, un marché local et le musée de la marine. Cet établissement 4 étoiles propose une piscine extérieure sur le toit, une salle de sport, ainsi qu'un spa où vous pourrez profiter de massages, de soins du visage ou du corps, d'un hammam et d'un sauna moyennant des frais supplémentaires. Les chambres insonorisées de l'hôtel comprennent la climatisation, un plateau de courtoisie, un minibar, une télévision par câble et une salle de bains privative. Vous bénéficierez d'une connexion Wi-Fi gratuite dans l'ensemble de l'hôtel. Pendant les vacances scolaires, une salle de jeux avec des puzzles et des jeux Wii est également à votre disposition. Un petit-déjeuner buffet est servi tous les matins. Vous pourrez déguster une cuisine régionale et internationale aux bars et restaurants sur place. Depuis la terrasse ombragée de l'hôtel, vous profiterez d'une vue panoramique sur le littoral atlantique et les Pyrénées. Le Radisson Blu Hotel Biarritz se trouve à 15 minutes de route de l'aéroport de Biarritz. Des bornes de recharge pour voitures électriques sont par ailleurs présentes sur place.  ",Biarritz,43.47827192,-1.56469077
Best Western Kemaris,https://www.booking.com/hotel/fr/best-western-kemaris.fr.html?sid=69d24b207b8c51f2e9c03856508f37ff,8.3," Alliant un environnement animé, de nombreux équipements et une ambiance chaleureuse, l'hôtel Best Western Kemaris présente une architecture typique du Pays basque. Lumineuses et spacieuses, les chambres de l'établissement affichent un décor raffiné et bénéficient de tout le confort moderne avec une télévision à écran plat et une connexion Wi-Fi gratuite. Chacune affiche une décoration magnifique conjuguant design et touches naturelles, et certaines possèdent également une grande terrasse. Un petit-déjeuner buffet composé de produits régionaux est servi tous les matins et vous pourrez prendre un verre au bar. Le Kemaris Best Western jouit d'un emplacement privilégié pour partir à pied à la découverte de la ville de Biarritz. Vous trouverez en outre de nombreux restaurants et bars à quelques minutes de marche. Enfin, vous pourrez réserver un parking privé sur place.  ",Biarritz,43.4765027,-1.56245649
Sure Hotel by Best Western Biarritz Aeroport,https://www.booking.com/hotel/fr/amaryshotel.fr.html?sid=69d24b207b8c51f2e9c03856508f37ff,7.7," Vous pouvez bénéficier d'une réduction Genius dans l'établissement Sure Hotel by Best Western Biarritz Aeroport ! Connectez-vous pour économiser. Le Sure Hotel by Best Western Biarritz Aeroport vous accueille au cœur du Pays basque, à 3 km du centre de Biarritz et de ses plages. La connexion Wi-Fi et le stationnement sont gratuits. Les chambres insonorisées disposent de portes doubles pour une intimité totale. Décorées dans un style contemporain, elles comprennent une télévision par satellite et un bureau. Cet établissement est entièrement climatisé. Un petit-déjeuner buffet est servi tous les matins. Récompensé du titre de « Maître restaurateur », le restaurant prépare des plats traditionnels basques avec des produits frais locaux. Par beau temps, vous pourrez déjeuner ou dîner sur la terrasse. Vous séjournerez à seulement 2 km de l'autoroute A63 et à 1 km de l'aéroport de Biarritz-Anglet-Bayonne.  ",Biarritz,43.4722079,-1.53489947
Hôtel Cosmopolitain,https://www.booking.com/hotel/fr/palacito.fr.html?sid=69d24b207b8c51f2e9c03856508f37ff,8.4," Vous pouvez bénéficier d'une réduction Genius dans l'établissement Hôtel Cosmopolitain ! Connectez-vous pour économiser. L'Hôtel Cosmopolitain est un établissement 3 étoiles qui vous propose des hébergements et des parties communes à la décoration élégante dans le centre de Biarritz, à seulement 200 mètres de la plage et à 700 mètres du rocher de la Vierge. Dotées d'une connexion Wi-Fi gratuite, les chambres climatisées comprennent une télévision par satellite et une salle de bains privative. Le déjeuner est servi sur place, et vous pourrez prendre un cocktail ou une coupe de champagne au bar. L'Hôtel Cosmopolitain se trouve à proximité de nombreux bars et restaurants. Enfin, vous serez à 1 km des musées du Chocolat et de la Mer, ainsi qu'à 10 minutes en voiture de la gare SNCF et de l'aéroport de Biarritz-Pays basque.  ",Biarritz,43.482179,-1.56183958
Best Western Plus Hôtel Littéraire Jules Verne,https://www.booking.com/hotel/fr/karitza-biarritz.fr.html?sid=69d24b207b8c51f2e9c03856508f37ff,8.3," This hotel is located in central Biarritz, near the Palais des Festivals, the casino and the local beaches. Guests are invited to use the heated outdoor swimming pool. All the modern rooms at the Best Western Plus Hôtel Littéraire Jules Verne are air-conditioned and soundproofed and feature a flat-screen TV with satellite and Canal+. Free Wi-Fi is provided and adjoining rooms are available on request. Breakfast can be enjoyed daily in the comfort of guest rooms and a Nespresso coffee machine is available in some rooms. The friendly and attentive staff at the hotel will be happy to help you organise your stay in Biarritz 24 hours a day. Parking in a garage s available with an extra cost.  ",Biarritz,43.47853954,-1.5553996
Mercure Président Biarritz Plage,https://www.booking.com/hotel/fr/mercure-le-president-biarritz-centre.fr.html?sid=69d24b207b8c51f2e9c03856508f37ff,8.2," Situé dans le centre de Biarritz, le Mercure Le Président Biarritz Centre est un bel exemple d'architecture contemporaine. Il propose des chambres avec vue sur la mer et connexion Wi-Fi gratuite. Climatisées et insonorisées, les chambres du Mercure Président Biarritz Plage sont lumineuses et présentent une décoration design alliant élégance et confort. Elles sont pourvues d'une bouilloire électrique avec thé/café et d'une télévision par satellite. Le Mercure Président Biarritz Plage comporte une réception ouverte 24h/24 et un ascenseur desservant les chambres. Un petit-déjeuner buffet est servi chaque matin. L'hôtel jouit d'un emplacement privilégié à quelques minutes de marche des boutiques et des centres de conférences de Biarritz, ainsi qu'aux événements et spectacles en bord de mer.  ",Biarritz,43.4818647,-1.55975819
Grand Tonic Hotel Biarritz,https://www.booking.com/hotel/fr/tonic-hotel-biarritz.fr.html?sid=69d24b207b8c51f2e9c03856508f37ff,7.7," Situé dans la ville balnéaire de Biarritz, cet hôtel se trouve à seulement 200 mètres de la Grande Plage. Il dispose d'une terrasse ombragée et de chambres élégantes avec connexion Wi-Fi gratuite. Toutes les chambres sont climatisées et équipées d'une baignoire spa dans la salle de bains. Chaque étage de l'hôtel Grand Tonic présente un thème particulier et est doté de la télévision par satellite. Le restaurant LMB sert une cuisine raffinée et vous pourrez prendre un verre dans le bar de l'établissement. Un petit-déjeuner buffet est en outre proposé chaque matin. Le Casino Barrière de Biarritz est situé à seulement 300 mètres de l'hôtel et le parcours de golf de Biarritz-Le Phare à 1 km. Un parking public est disponible sur place.  ",Biarritz,43.48447351,-1.55694455
Hôtel Saint Louis,https://www.booking.com/hotel/fr/saint-louis-aigues-mortes.fr.html?sid=f8b78d2d2a837fb7bc70b2b6de3d802a,8.4," Vous pouvez bénéficier d'une réduction Genius dans l'établissement Hôtel Saint Louis ! Connectez-vous pour économiser. Situé dans le cœur historique d'Aigues-Mortes, à 200 mètres de la Tour de Constance, l'Hôtel Saint Louis est un hôtel climatisé doté d'un centre de bien-être et d'un restaurant. Une connexion Wi-Fi et des places de stationnement publiques sont disponibles gratuitement sur place. Affichant une décoration contemporaine inspirée de la région, toutes les chambres sont équipées d'une télévision à écran plat, d'un minibar et d'un téléphone. Toutes les chambres comprennent une salle de bains privative. En été, vous pourrez prendre un verre dans le patio ou sur la terrasse bien exposée. Le restaurant sur place présente une décoration de style baroque et propose une cuisine camarguaise moderne préparée avec des produits locaux et des sièges en plein air. L'établissement dispose d'un centre de bien-être comprenant un sauna-hammam accessible gratuitement sur réservation. Des massages sont également dispensés sur demande. L'Hôtel Saint Louis se trouve à 43 km de Nîmes et à 49 km d'Arles. L'aéroport de Montpellier-Méditerranée est à 26 km.  ",Aigues-Mortes,43.56721967,4.1893436
Hotel Canal Aigues Mortes,https://www.booking.com/hotel/fr/canal-aigues-mortes.fr.html?sid=f8b78d2d2a837fb7bc70b2b6de3d802a,8.6," Vous pouvez bénéficier d'une réduction Genius dans l'établissement Hotel Canal Aigues Mortes ! Connectez-vous pour économiser. L’hôtel Canal Aigues Mortes vous accueille sur les rives du canal, à 5 minutes à pied de la ville fortifiée. Vous pourrez profiter d’une vue sur le canal depuis sa terrasse panoramique et sa piscine. Cet établissement propose des chambres climatisées avec une connexion Wi-Fi gratuite. Un parking gratuit est disponible. Un parking couvert est accessible moyennant des frais supplémentaires ou gratuitement pour les motos. Toutes les chambres de cet hôtel 3 étoiles sont insonorisées. Elles comprennent une télévision à écran plat avec des chaînes nationales et internationales. Pendant les mois les plus chauds, vous dégusterez le petit-déjeuner buffet sur la terrasse. En été, vous aurez également la possibilité de prendre des collations ou des repas légers au bord du canal. Un service de location de vélos est assuré sur place. L’établissement compte par ailleurs une salle de séminaire pour les réunions. L’hôtel Canal Aigues Mortes est placé à 10 minutes de route de la plage de Grau-du-Roi et à 20 minutes en voiture de l’aéroport de Montpellier-Méditerranée. La gare d'Aigues-Mortes est à 4 minutes de marche. Montpellier, Arles et Nîmes peuvent être atteints à moins de 45 minutes de route.  ",Aigues-Mortes,43.57298752,4.1948247
Hotel Des 4 Vents,https://www.booking.com/hotel/fr/des-4-vents.fr.html?sid=f8b78d2d2a837fb7bc70b2b6de3d802a,8.3," L'Hotel Des 4 vents est situé à Aigues-Mortes, sur la côte méditerranéenne, à 40 km de Nîmes et à 35 km de Montpellier. Il propose des hébergements climatisés avec connexion Wi-Fi gratuite, un défibrillateur et une piscine extérieure. L'hôtel se trouve à 15 minutes à pied de la ville médiévale. Les lacs environnants se trouvent à moins de 10 minutes en voiture. Chaque chambre du 4 Vents est équipée d'une télévision et d'une salle de bains privative. Elles possèdent également un balcon privé. Le petit-déjeuner est servi tous les jours et l'Hotel des 4 Vents possède une terrasse de jardin. Vous pourrez vous détendre au bar. Un parking privé est disponible gratuitement sur place.  ",Aigues-Mortes,43.57702546,4.19753909
Maison des Croisades,https://www.booking.com/hotel/fr/des-croisades.fr.html?sid=f8b78d2d2a837fb7bc70b2b6de3d802a,8.9," Vous pouvez bénéficier d'une réduction Genius dans l'établissement Maison des Croisades ! Connectez-vous pour économiser. Située à Aigues-Mortes, la Maison des Croisades propose un service de location de vélos et un jardin. Il dispose d'une connexion Wi-Fi gratuite et d'une terrasse. Vous pourrez profiter d'une vue sur le canal et le jardin. La plage du Grau-du-Roi se trouve à 10 minutes en voiture. Toutes les chambres de la Maison des Croisades sont équipées d'une télévision à écran plat, de la climatisation et d'une armoire. La Maison des Croisades sert un petit-déjeuner buffet. La Maison des Croisades se trouve à 33 km de Montpellier et à 44 km de Nîmes. L'aéroport de Montpellier-Méditerranée est à 24 km.  ",Aigues-Mortes,43.5689974,4.1882982
"Hôtel-Restaurant ""Chez Carrière""",https://www.booking.com/hotel/fr/restaurant-quot-chez-carriere-quot.fr.html?sid=f8b78d2d2a837fb7bc70b2b6de3d802a,8.9," L'Hôtel-Restaurant ""Chez Carrière"" est situé à Aigues-Mortes. Cet hôtel dispose d'une connexion Wi-Fi gratuite et d'une terrasse. Vous séjournerez dans le quartier médiéval d'Aigues-Mortes. Les chambres climatisées comprennent une armoire et une télévision à écran plat. La salle de bains privative est pourvue d'une douche, d'articles de toilette gratuits et d'un sèche-cheveux. Un petit-déjeuner continental est servi dans la salle prévue à cet effet. Montpellier se trouve à 26 km. L'aéroport de Montpellier-Méditerranée, le plus proche, est à 19 km. Une carte de stationnement public est fournie gratuitement à l'arrivée.  ",Aigues-Mortes,43.56651351,4.19115815
Hôtel Le Médiéval,https://www.booking.com/hotel/fr/le-medieval.fr.html?sid=f8b78d2d2a837fb7bc70b2b6de3d802a,7.4," Vous pouvez bénéficier d'une réduction Genius dans l'établissement Hôtel Le Médiéval ! Connectez-vous pour économiser. L'Hôtel Le Médiéval est situé sur les rives du canal d'Aigues-Mortes, à 30 km de Montpellier. Il propose des chambres pourvues d'une salle de bains privative, d'un parking gratuit et d'une piscine extérieure. L'Hôtel Le Médiéval propose chaque jour un petit-déjeuner buffet continental qui peut être dégusté sur la terrasse quand le temps le permet. Une connexion Wi-Fi est disponible gratuitement dans les parties communes. Un parking privé gratuit est disponible sur place. Une promenade de 2 minutes vous mènera aux remparts médiévaux.  ",Aigues-Mortes,43.57186625,4.19366169
Boutique Hôtel des Remparts & Spa,https://www.booking.com/hotel/fr/les-remparts-aigues-mortes.fr.html?sid=f8b78d2d2a837fb7bc70b2b6de3d802a,9.6," Vous pouvez bénéficier d'une réduction Genius dans l'établissement Boutique Hôtel des Remparts & Spa ! Connectez-vous pour économiser. Aménagé dans une ancienne base militaire datant du XVIIIe siècle, au sein des remparts médiévaux d'Aigues-Mortes, le Boutique Hôtel des Remparts & Spa est un établissement raffiné, doté d'un bar et d'une terrasse avec des chaises longues. Un spa avec une piscine intérieure chauffée est à votre disposition. Ce boutique hôtel se trouve en face de la tour de Constance et du Centre des Monuments nationaux. Présentant une hauteur sous plafond comprise entre 3,30 mètres et 4 mètres, les chambres disposent de murs en pierre, d'un minibar, d'une télévision à écran plat et d'une connexion Wi-Fi gratuite. Toutes comportent une salle de bains avec une baignoire îlot, une douche à l'italienne, des peignoirs et des chaussons. Le coin chambre et la salle de bains ne sont pas séparés. Tous les hébergements donnent sur les remparts. Un petit-déjeuner continental est servi tous les matins. Vous pourrez le savourer dans l'un des salons ou sur la terrasse, lorsque le temps le permet. Vous pourrez prendre un verre au bar-salon de l'hôtel, muni d'un mobilier contemporain et offrant des vues panoramiques sur les remparts. Vous séjournerez à 5 minutes de marche de la gare d'Aigues-Mortes et à 20 minutes de route de l'aéroport Montpellier Méditerranée. Le golf de la Grande Motte est à 12 km.  ",Aigues-Mortes,43.56803552,4.1903438
Noemys Aigues-Mortes - ex Mona Lisa Royal Hôtel,https://www.booking.com/hotel/fr/le-royal-hotel-aigues-mortes.fr.html?sid=f8b78d2d2a837fb7bc70b2b6de3d802a,7.0," Doté d'une connexion Wi-Fi gratuite et d'une piscine extérieure ouverte en été, l'établissement Noemys Aigues-Mortes - ex Mona Lisa Royal Hôtel se trouve à Aigues-Mortes, à 15 minutes de route du parc naturel régional de Camargue. La plage la plus proche est à 15 minutes de route. Le parking sur place est gratuit. Certaines chambres offrent une vue sur la piscine ou le jardin. Toutes comportent une télévision à écran plat et une salle de bains privative. Certaines bénéficient d'une terrasse privée. Le petit-déjeuner buffet est proposé moyennant un supplément. Le restaurant Le Ventre Bleu sert une cuisine locale et provençale. En été, vous pourrez déguster vos repas sur la terrasse. Le Noemys Aigues-Mortes - ex Mona Lisa Royal Hôtel possède des salles de réunion. Nîmes se situe à 40 km du Noemys Aigues-Mortes - ex Mona Lisa Royal Hôtel, et Arles est à 45 km. L'aéroport de Montpellier-Méditerranée est le plus proche, à 26 km.  ",Aigues-Mortes,43.57639589,4.19781804
Le Mas Des Sables,https://www.booking.com/hotel/fr/le-mas-des-sables-aigues-mortes.fr.html?sid=f8b78d2d2a837fb7bc70b2b6de3d802a,7.8," Entouré par 8 hectares de jardins propices à la détente, Le Mas des Sables se situe à Aigues-Mortes, en Camargue, à 28 km des Saintes-Maries-de-la-Mer. Doté d'une piscine extérieure, il propose gratuitement une connexion Wi-Fi et un parking. Décorées dans un style méditerranéen, les chambres comprennent la climatisation, un téléphone, une télévision par satellite et une salle de bains privative. La plupart offrent une vue sur le jardin. Par ailleurs, le Mas des Sables sert des spécialités régionales dans la salle à manger décorée dans un style camarguais ou sur la terrasse fleurie. Enfin, Le Mas Des Sables se trouve à 20 minutes en voiture de l'aéroport de Montpellier-Méditerranée.  ",Aigues-Mortes,43.58606025,4.19745116
Hotel Les Templiers,https://www.booking.com/hotel/fr/les-templiers.fr.html?sid=f8b78d2d2a837fb7bc70b2b6de3d802a,8.6," Aménagé au sein d'une maison de marchand datant du XVIIIe siècle, l'Hotel Les Templiers se situe dans la ville fortifiée d'Aigues-Mortes, dans le sud de la France. Cet établissement propose des hébergements climatisés, dotés d'une télévision et d'une salle de bains privative. L'Hotel Les Templiers sert chaque matin un petit-déjeuner continental. Un bar et un jardin sont à votre disposition. Une connexion Wi-Fi est disponible gratuitement à la réception de l'hôtel ouverte 24h/24. Vous pourrez découvrir les étangs de la Ville et de la Marette, situés à proximité du Templiers Hotel. Le parcours de golf de La Grande Motte est à seulement 7 km. Vous pourrez accéder à un parking public payant voisin.  ",Aigues-Mortes,43.56694565,4.19187346
Le Castelet,https://www.booking.com/hotel/fr/le-castelet-les-saintes-maries-de-la-mer.fr.html?sid=63d9fc29b5734b74ef247a2e4969f8a8,7.4," Cet hôtel est situé à Saintes-Maries-de-la-Mer, à 60 mètres seulement de la mer Méditerranée et à 30 mètres de l'Étang des Launes. Il dispose d'un bar à cocktails avec une terrasse fleurie. Les chambres de l'hôtel Le Castelet sont dotées de la connexion Wi-Fi gratuite, d'une télévision et d'une salle de bains privative avec douche. La plupart d'entre elles comprennent des toilettes privées. Tous les matins, vous dégusterez un petit déjeuner continental dans la salle à manger. L'hôtel Le Castelet se trouve à 15 minutes en voiture du parc national de Camargue, à 35 minutes de route de Arles et à 50 kilomètres environ de Montpellier.  ",Saintes-Maries-de-la-Mer,43.45134949,4.42507625
Hotel Les Palmiers En Camargue,https://www.booking.com/hotel/fr/les-palmiers-en-camargue.fr.html?sid=63d9fc29b5734b74ef247a2e4969f8a8,8.1," Vous pouvez bénéficier d'une réduction Genius dans l'établissement Hotel Les Palmiers En Camargue ! Connectez-vous pour économiser. Doté d'une connexion Wi-Fi gratuite, l'Hotel Les Palmiers En Camargue est situé à Saintes-Maries-de-la-Mer, à 100 mètres des plages de sable et à 200 mètres de l'église des Saintes-Maries. Les chambres comprennent une télévision par satellite à écran plat. Certaines possèdent une terrasse ou un balcon. Lors de votre séjour, vous dégusterez sur place un petit-déjeuner buffet composé de mets sucrés et salés. De plus, l'établissement assure un service de location de vélos. Dans les environs, vous pourrez pratiquer différentes activités, comme le cyclisme, l'équitation et la planche à voile. L'Hotel Les Palmiers En Camargue se trouve à 53 km de l'aéroport de Montpellier-Méditerranée. Enfin, un parking public est accessible gratuitement à 50 mètres, tandis que vous disposerez d'un garage privé sur demande et moyennant des frais supplémentaires.  ",Saintes-Maries-de-la-Mer,43.45106618,4.42509368
Hotel Le Bleu Marine,https://www.booking.com/hotel/fr/le-bleu-marine.fr.html?sid=63d9fc29b5734b74ef247a2e4969f8a8,8.4, L'Hôtel Le Bleu Marine se trouve à seulement 150 mètres des plages de la Méditerranée et à 300 mètres du centre des Saintes-Maries-de-la-Mer. Il propose une piscine extérieure clôturée avec des chaises longues et une connexion Wi-Fi gratuite. Plusieurs chambres de l'Hôtel Le Bleu Marine possèdent un balcon donnant sur la piscine. Les chambres comportent toutes une télévision à écran plat et une salle de bains privative. Un petit-déjeuner buffet est en outre servi tous les matins. Vous trouverez de nombreux magasins et restaurants à moins de 10 minutes à pied de l'hôtel. Des boissons chaudes et froides sont servies sur demande. Vous pourrez vous rendre dans un centre de thalassothérapie à seulement 100 mètres de l'hôtel. L'établissement se situe à 40 km d'Arles et à 60 km de Montpellier. Le parking sur place est gratuit.  ,Saintes-Maries-de-la-Mer,43.45463818,4.433202
Le Dauphin Bleu,https://www.booking.com/hotel/fr/le-dauphin-bleu.fr.html?sid=63d9fc29b5734b74ef247a2e4969f8a8,8.6," Situé à 50 mètres de la plage, face à la mer Méditerranée, Le Dauphin Bleu est situé à 400 mètres du centre de la vieille ville historique des Saintes-Maries-de-la-Mer. L'hôtel dispose d'une connexion Wi-Fi gratuite dans les chambres. Les chambres comportent également toutes la climatisation, une télévision à écran plat et une salle de bains privative. Certaines d'entre elles offrent une vue sur la mer. Un petit-déjeuner continental peut être commandé tous les matins et servi en chambre moyennant des frais supplémentaires. Implanté dans le delta du Rhône, cet hôtel se trouve à seulement 700 mètres d'une église fortifiée datant du Moyen Âge. Vous pourrez pratiquer en outre des sports nautiques dans les environs, notamment la planche à voile. Enfin, l'aéroport de Montpellier-Méditerranée est implanté à 56,1 km du Dauphin Bleu.  ",Saintes-Maries-de-la-Mer,43.45233086,4.43364993
Vila De La Mar & Spa,https://www.booking.com/hotel/fr/bastide-blanche-saintes-maries-de-la-mer.fr.html?sid=63d9fc29b5734b74ef247a2e4969f8a8,8.2," Le Vila De La Mar & Spa est un petit hôtel décoré dans un style moderne situé dans le centre des Saintes-Maries-de-la-Mer, à 100 mètres de la plage. Cet établissement comprend une piscine extérieure chauffée couverte en hiver, et un spa avec un hammam et un bain à remous. Toutes les chambres sont climatisées et équipées d’une terrasse privée, d'un minibar et d'une grande télévision par câble à écran plat. Vous pourrez profiter d'un restaurant avec une terrasse donnant sur la piscine. Certains week-ends, un dîner animé par les guitaristes et chanteurs tsiganes peut être organisé sur demande et moyennant un supplément. Un petit-déjeuner continental, que vous pourrez déguster dans votre chambre, est également proposé moyennant des frais supplémentaires. La région offre un cadre idéal pour pratiquer la planche à voile, l’équitation et les excursions en bateau. Donnant sur la mer Méditerranée, la Vila De La Mar & Spa est entourée par le parc naturel régional de Camargue. Vous pourrez participer à des balades en 4x4, en vélo ou en calèche. L’établissement se situe à moins de 60 km de Nîmes et de l’aéroport de Nîmes-Garons, et à 120 km de l’aéroport de Marseille-Provence. La gare d’Arles se trouve à 36 km.  ",Saintes-Maries-de-la-Mer,43.45334531,4.43066597
Abrivado,https://www.booking.com/hotel/fr/abrivado.fr.html?sid=63d9fc29b5734b74ef247a2e4969f8a8,8.4," Situé dans le parc régional de la Camargue, l'Abrivado est un hôtel climatisé installé à côté du port dans la ville de Saintes-Maries-de-la-Mer. Il vous accueille à 50 mètres de la plage et des commerces environnants. Ses chambres sont équipées d'une connexion Wi-Fi gratuite. Les chambres décorées avec simplicité disposent d'une télévision et d'un téléphone. Vous pourrez séjourner dans l'une des 12 chambres offrant une vue sur la mer ou dans l'une des 6 chambres qui possèdent également une terrasse meublée privée. Les salles de bains privatives sont pourvues d'un sèche-cheveux. Un petit-déjeuner continental est servi chaque matin à l'hôtel Abrivado moyennant des frais supplémentaires. Un parking privé abordable se trouve à proximité et vous aurez la possibilité de visiter Arles, à 40 km. L'aéroport de Montpellier-Méditerranée est implanté à 52 km de l'hôtel. Un espace de stationnement public est accessible à proximité.  ",Saintes-Maries-de-la-Mer,43.45033695,4.42622423
Hôtel Les Arcades,https://www.booking.com/hotel/fr/ha-tel-les-arcades.fr.html?sid=63d9fc29b5734b74ef247a2e4969f8a8,8.7," Vous pouvez bénéficier d'une réduction Genius dans l'établissement Hôtel Les Arcades ! Connectez-vous pour économiser. L'Hôtel 2 étoiles Les Arcades propose une connexion Wi-Fi gratuite dans tout l'établissement à seulement 100 mètres de la plage la plus proche et à 400 mètres de l'église de Saintes-Maries-de-la-Mer. Il se trouve à 35 minutes en voiture d'Arles et à proximité d'un centre de thalassothérapie. Les chambres de l'Hôtel Les Arcades sont équipées d'un bureau, d'une moustiquaire et d'une télévision par câble à écran LCD avec chaînes Canal+, Canal+ Sport, RAI1 et RTL. Toutes comprennent une salle de bains privative, avec articles de toilette gratuits et sèche-cheveux. Certaines sont climatisées. Lors de votre séjour, un petit-déjeuner buffet est proposé tous les matins dans la salle prévue à cet effet. Le bar sert une sélection de boissons sans alcool que vous pourrez apprécier sur la terrasse. Le Grau-du-Roi vous attend à 45 minutes de route des Arcades, et Nîmes est à 45 km. Vous aurez l'occasion de découvrir le littoral et le parc naturel régional de Camargue. Vous pourrez gratuitement utiliser un parking public situé à 50 mètres. Vous pourrez aussi vous garer devant l'hôtel le temps de sortir vos bagages de la voiture.  ",Saintes-Maries-de-la-Mer,43.4526278,4.43076655
Thalacap Camargue,https://www.booking.com/hotel/fr/thalacap-camargue.fr.html?sid=63d9fc29b5734b74ef247a2e4969f8a8,7.7," Le Thalacap Camargue est situé en face de la plage des Saintes-Maries-de-la-Mer, à 5 minutes de marche du centre-ville. Vous pourrez profiter gratuitement d'une piscine extérieure d'eau de mer ouverte en saison ainsi que d’une piscine intérieure, d’un sauna et d’un hammam ouverts tout au long de l'année. Toutes les chambres sont climatisées et disposent d’une télévision à écran plat ainsi que d’une connexion Wi-Fi gratuite. Le restaurant sert un cuisine de style méditerranéen. Lorsque le temps le permet, vous pourrez prendre vos repas sur la terrasse offrant une vue panoramique sur la mer. En plus des autres installations de détente, vous bénéficierez d’un accès direct à un centre de thalassothérapie proposant différents de soins médicaux et de beauté moyennant des frais supplémentaires. Arles se trouve à 37 km. Un parking privé est disponible gratuitement sur place.  ",Saintes-Maries-de-la-Mer,43.45349134,4.43545103
Hôtel Casa Marina,https://www.booking.com/hotel/fr/casa-marina-saintes-maries-de-la-mer.fr.html?sid=63d9fc29b5734b74ef247a2e4969f8a8,8.9," Situé aux Saintes-Maries-de-la-Mer, l'Hôtel Casa Marina propose un hébergement en bord de mer, à quelques pas de la plage d'Amphora. Il possède un restaurant, un bar et un jardin. Cet hôtel 3 étoiles propose une connexion Wi-Fi gratuite, des services d'étage et de concierge. L'hôtel dispose de chambres familiales. Les chambres climatisées comprennent un bureau, un coffre-fort, une télévision à écran plat et une salle de bains privative avec douche. Le linge de lit et les serviettes sont fournis. Un petit-déjeuner buffet ou continental est servi sur place. L'Hôtel Casa Marina possède une terrasse. Vous pourrez pratiquer diverses activités aux Saintes-Maries-de-la-Mer et dans ses environs, telles que la plongée sous-marine ou avec tuba et la planche à voile. L'église des Saintes-Maries se trouve à 300 mètres de l'Hôtel Casa Marina. L'aéroport de Nîmes-Alès-Camargue-Cévennes, le plus proche, est à 34 km.  ",Saintes-Maries-de-la-Mer,43.451133,4.430953
Hôtel restaurant le delta,https://www.booking.com/hotel/fr/hacienda-des-enfants-terribles.fr.html?sid=63d9fc29b5734b74ef247a2e4969f8a8,6.4," Doté d'un bar, l'Hôtel restaurant le delta est situé aux Saintes-Maries-de-la-Mer, en Provence-Alpes-Côte d'Azur, à 300 mètres de la plage d'Amphora et à 400 mètres de l'église des Saintes-Maries. Il propose un restaurant, un service d'étage, un service de concierge et une connexion Wi-Fi gratuite dans l'ensemble de ses locaux. L'hôtel propose des chambres familiales. Les logements comprennent une télévision à écran plat. Leur salle de bains privative est pourvue d'un sèche-cheveux et d'articles de toilette gratuits. Un petit-déjeuner continental est servi sur place. L'Hôtel restaurant le delta possède une terrasse bien exposée. L'aéroport de Nîmes-Alès-Camargue-Cévennes, le plus proche, est implanté à 34 km.  ",Saintes-Maries-de-la-Mer,43.452178,4.428116
